{"flow_name": null, "flow_id": null, "session_id": "0bae4f3e-2f0b-43ad-aaa5-d207071c91c3", "session_name": null, "start_time": 1773506077.9928231, "end_time": 1773506077.993541, "runs": []}