{"flow_name": null, "flow_id": null, "session_id": "0c59b9ee-8554-43ae-a46f-ff0551363eb5", "session_name": null, "start_time": 1773506077.829996, "end_time": 1773506077.830814, "runs": []}