{"flow_name": null, "flow_id": null, "session_id": "25849c38-0b2b-4e7d-9cc3-6e4a2d16b81b", "session_name": null, "start_time": 1773505900.228267, "end_time": 1773505900.228597, "runs": []}