{"flow_name": null, "flow_id": null, "session_id": "2b6a2fd7-30ed-4f50-8843-91953e2ec5fd", "session_name": null, "start_time": 1773506078.023144, "end_time": 1773506078.024288, "runs": []}