{"flow_name": null, "flow_id": null, "session_id": "398ff0c3-ac8c-4383-864c-098fc095089e", "session_name": null, "start_time": 1773506078.146958, "end_time": 1773506078.147546, "runs": []}