{"flow_name": null, "flow_id": null, "session_id": "515dc7e7-05a9-4cc4-a480-f27f6609457e", "session_name": null, "start_time": 1773506522.217006, "end_time": 1773506522.217268, "runs": []}