{"flow_name": null, "flow_id": null, "session_id": "5b240fba-9b61-440d-9fc8-7c38faa19b85", "session_name": null, "start_time": 1773506077.805975, "end_time": 1773506077.8061728, "runs": []}