{"flow_name": null, "flow_id": null, "session_id": "602bf168-e219-4d9e-9733-c437999b9546", "session_name": null, "start_time": 1773506131.599781, "end_time": 1773506131.600497, "runs": []}