{"flow_name": null, "flow_id": null, "session_id": "620b1f05-9fff-4a32-ad57-7196a4ed2a9c", "session_name": null, "start_time": 1773506160.323145, "end_time": 1773506160.323464, "runs": []}