{"flow_name": null, "flow_id": null, "session_id": "69704a99-dd7b-4fcf-95f6-e11fa1d69c21", "session_name": null, "start_time": 1773506078.054898, "end_time": 1773506078.055561, "runs": []}