{"flow_name": null, "flow_id": null, "session_id": "7d40f5c2-6264-49a9-8249-5a332231acc1", "session_name": null, "start_time": 1773506205.837512, "end_time": 1773506205.837756, "runs": []}