{"flow_name": null, "flow_id": null, "session_id": "8c8c2bb3-889a-42f9-ad9f-7219e89d57bd", "session_name": null, "start_time": 1773506078.174835, "end_time": 1773506078.1755059, "runs": []}