{"flow_name": null, "flow_id": null, "session_id": "b4c1b6a0-f834-46b7-b2f2-66e680a7ca90", "session_name": null, "start_time": 1773506028.531074, "end_time": 1773506028.53125, "runs": []}