{"flow_name": null, "flow_id": null, "session_id": "f834c399-35d0-492b-9b37-9173bf12f17b", "session_name": null, "start_time": 1773506733.788566, "end_time": 1773506733.7888188, "runs": []}